id,first_name,ip_address,Horas_trabajadas
1,Adrian,Hagan,186
2,Mile,Colorado,180
3,Mae,Meadow Ridge,163
4,Ebenezer,Spenser,119
5,Gonzales,Logan,142
6,Maggy,Straubel,200
7,Sharon,John Wall,131
8,Kaylyn,8th,119
9,Brittney,Anderson,177
10,Cynthy,Bowman,152
11,Trent,Fallview,80
12,Hill,Spenser,209
13,Symon,Dixon,86
14,Haroun,Eagle Crest,112
15,Anderson,Judy,107
16,Allie,Melby,203
17,Virginie,Claremont,173
18,Swen,Manitowish,221
19,Dun,Sycamore,235
20,Cesare,Canary,204
21,Malvina,Columbus,201
22,Torie,Norway Maple,122
23,Ulick,Vernon,94
24,Palm,Waubesa,225
25,Jeremias,Riverside,203
26,Halimeda,Derek,181
27,Ive,Old Gate,211
28,Alexandra,Sherman,180
29,Juana,Ruskin,116
30,Harrison,Westridge,103
31,Randi,Springview,120
32,Findlay,8th,218
33,Ginevra,Bayside,151
34,Burr,Bay,206
35,Aubrie,Miller,202
36,Tawsha,Reinke,122
37,Ned,Rowland,165
38,Priscella,Sutherland,155
39,Katrinka,Lakewood Gardens,126
40,Cindie,Mallory,168
41,Francisca,Pierstorff,152
42,Josepha,Stuart,196
43,Jeremiah,Bobwhite,169
44,Homere,Talisman,162
45,Zsazsa,Prairie Rose,99
46,Isidoro,Oak Valley,224
47,Aveline,Rusk,130
48,Amalee,Kenwood,130
49,Karyn,Bellgrove,127
50,Adena,Brown,147
51,Sterling,Londonderry,197
52,Hedwig,Glendale,157
53,Harv,Randy,216
54,Ingeborg,Swallow,115
55,Durant,Beilfuss,171
56,Eugen,Buell,164
57,Carlie,Sage,82
58,Danny,Kingsford,218
59,Cecilla,Muir,229
60,Hillery,Lakewood Gardens,171
61,Renate,Crownhardt,125
62,Alidia,Bultman,229
63,Corbie,Ridgeview,201
64,Elsa,Gerald,193
65,Toddy,Quincy,101
66,Hortense,Ryan,173
67,Carie,Pearson,110
68,Kiele,Hovde,127
69,Danni,Clarendon,209
70,Robbi,Northwestern,228
71,Chucho,Farmco,97
72,Theresa,Maywood,233
73,Rolando,Porter,203
74,Siffre,Toban,215
75,Marga,Anzinger,213
76,Yul,Valley Edge,172
77,Brandi,Lyons,192
78,Quintin,Carioca,108
79,Ginger,Becker,158
80,Mervin,Coolidge,183
81,Gertie,Boyd,180
82,Dickie,Hagan,140
83,Merrilee,Gateway,170
84,Emilie,1st,170
85,West,Butternut,165
86,Barrie,Blackbird,194
87,Karalynn,Cascade,115
88,Julietta,Scott,155
89,Filberto,Talmadge,198
90,Seth,Shelley,235
91,Hewett,Vermont,110
92,Charmain,1st,199
93,Addison,Dennis,181
94,Sterling,Upham,237
95,Corette,Lunder,80
96,Rozanne,Moose,238
97,Valentine,Kipling,174
98,Moses,Kipling,99
99,Gwynne,Kim,86
100,Gleda,Namekagon,117
101,Stepha,Sundown,172
102,Kelsy,Saint Paul,115
103,Millie,Welch,220
104,Austen,Independence,99
105,Sasha,Crownhardt,176
106,Queenie,Parkside,106
107,Horacio,Claremont,179
108,Gustavo,Summerview,147
109,Corette,Village Green,129
110,Janeczka,Continental,129
111,Rockwell,Prairie Rose,221
112,Evaleen,Jay,119
113,Addison,Kropf,197
114,Hana,Nevada,208
115,Gertie,Buell,125
116,Arie,Tony,110
117,Lucine,Stuart,226
118,Olga,1st,215
119,Becca,Tennyson,125
120,Tabatha,Division,110
121,Noelle,Kinsman,145
122,Angie,Fisk,224
123,Nicole,Darwin,117
124,Shelia,Anniversary,206
125,Marilyn,Rutledge,98
126,Garrik,Messerschmidt,121
127,Latia,Kropf,152
128,Marlie,Center,189
129,Eldredge,Dahle,99
130,Callida,Village,190
131,Bord,Harper,204
132,Leonerd,Mayer,164
133,Georgine,David,193
134,Hester,Elmside,92
135,Twila,Scofield,205
136,Lydie,Riverside,129
137,Rhonda,Summit,193
138,Giacomo,Armistice,211
139,Abba,Oak,194
140,Jeramie,3rd,189
141,Nikoletta,Starling,158
142,Aile,Oakridge,162
143,Morry,Butterfield,213
144,Donovan,Spohn,168
145,Hiram,Welch,219
146,Manny,Mitchell,108
147,Adara,Rusk,218
148,Eileen,Vera,126
149,Hilde,Summerview,168
150,Kimberlyn,Carioca,155
151,Arlie,Forest Run,167
152,Fonsie,Darwin,179
153,Pall,Tennyson,128
154,Hurleigh,Rieder,141
155,Quintus,Loeprich,151
156,Vernor,Grayhawk,123
157,Joey,Trailsway,182
158,Aubrey,Kensington,128
159,Charmian,Coleman,128
160,Nicki,Longview,183
161,Harmon,Green Ridge,131
162,Luis,Hoard,84
163,Correy,Lukken,98
164,Shelly,Carberry,215
165,Marlow,Debra,181
166,Hermina,Canary,88
167,Beverlie,Moland,126
168,Eartha,Butternut,111
169,Welbie,Oneill,91
170,Katrine,Lunder,145
171,Carmella,Arkansas,86
172,Cathe,Jana,185
173,Niccolo,Village,82
174,Jacky,Morningstar,86
175,Renaldo,Kenwood,169
176,Shannan,Cottonwood,113
177,Scarlet,Sunnyside,106
178,Aurora,Haas,131
179,Reinold,Maple Wood,131
180,Brunhilde,Mcguire,150
181,Rosamond,Browning,187
182,Leila,Goodland,95
183,Glen,Morningstar,176
184,Karna,Ronald Regan,132
185,Yettie,Jackson,100
186,Free,Loomis,159
187,Claribel,Fair Oaks,203
188,Aurlie,Blackbird,99
189,Kiersten,Sloan,148
190,Culley,Bowman,196
191,Haley,Shasta,222
192,Fabe,Glacier Hill,211
193,Morton,Maryland,187
194,Gerry,Hallows,211
195,Andrew,Elka,203
196,Franzen,Jackson,216
197,Salvatore,Lerdahl,160
198,Corabella,Claremont,225
199,Kalinda,Hanover,182
200,Celinka,Lukken,110
201,Gerri,Carpenter,98
202,Mord,Granby,123
203,Florenza,Loomis,200
204,Aloise,Kings,171
205,Cyrus,Havey,193
206,Latrena,Green,178
207,Teodor,Dawn,231
208,Kessiah,Helena,146
209,Wynn,Corben,173
210,Prentice,Reindahl,185
211,Dill,Harbort,106
212,Cirillo,Monument,213
213,Lark,Hermina,114
214,Elmira,Dottie,170
215,Pennie,3rd,235
216,Biddy,Hanover,89
217,Aggi,Longview,108
218,Russell,Towne,156
219,Ariela,Darwin,161
220,Tymothy,Johnson,84
221,Brien,Ridgeview,219
222,Jocelin,Rockefeller,96
223,Torrance,Loftsgordon,107
224,Bari,Raven,199
225,Ingar,Waubesa,230
226,Javier,Reindahl,170
227,Corbett,Lillian,240
228,Noble,Havey,103
229,Waylan,Vermont,216
230,Vanny,Riverside,173
231,Darcie,Wayridge,209
232,Seymour,Ramsey,128
233,Madelena,Pennsylvania,208
234,Fiona,Blaine,105
235,Danice,Towne,185
236,Valentin,Fisk,95
237,Lacy,Debra,207
238,Reggie,Blackbird,114
239,Trever,Comanche,98
240,Nannette,Surrey,175
241,Hendrik,Cardinal,142
242,Shauna,Farragut,124
243,Celinka,Menomonie,234
244,Dallas,Mockingbird,138
245,Michale,Algoma,120
246,Moore,Westerfield,210
247,Grethel,Nancy,125
248,Brice,Sloan,151
249,Rutherford,Farmco,95
250,Georgy,Lyons,195
251,Harley,Packers,190
252,Hazel,Moland,183
253,Cyrus,Rusk,208
254,Angelico,Melvin,237
255,Maryjane,Oxford,212
256,Willy,Hudson,165
257,Dav,Thierer,133
258,Hanna,Glacier Hill,94
259,Jourdain,Bartelt,153
260,Susana,Fallview,97
261,Florinda,Washington,175
262,Clyde,Ohio,164
263,Danika,Fisk,203
264,Trish,Towne,136
265,Kendal,Doe Crossing,177
266,Sherman,Rowland,111
267,Angelia,Debra,229
268,Merwyn,Truax,194
269,Erin,Brown,90
270,Kimbell,Washington,83
271,Bibi,Mesta,117
272,Kylynn,Florence,200
273,Wally,Novick,111
274,Major,Holy Cross,105
275,Kizzee,Merchant,92
276,Jeanie,Glendale,118
277,Marc,Stang,90
278,Viva,Mayer,207
279,Carma,Oriole,133
280,Anthe,Delladonna,203
281,Hasty,Waywood,220
282,Poppy,Darwin,144
283,Kaitlyn,Rowland,232
284,Mickey,Muir,194
285,Linea,Farragut,225
286,Lorelei,Brentwood,129
287,Kristofor,Sachs,165
288,Peirce,Thompson,125
289,Herc,Rusk,202
290,Dolf,Independence,128
291,Jourdan,Lakewood Gardens,101
292,Joni,Mesta,135
293,Farley,Moulton,104
294,Corbie,Walton,133
295,Bobbi,Miller,156
296,Edik,Steensland,185
297,Leigh,Sachtjen,101
298,Cirstoforo,Dunning,238
299,Ed,Fairfield,114
300,Krissie,Veith,235
301,Wallie,Hovde,101
302,Cyndi,Buell,129
303,Nikkie,La Follette,238
304,Ediva,Green,85
305,Bili,Jackson,104
306,Kristien,Browning,108
307,Bernardine,Forest Run,213
308,Iosep,Sheridan,240
309,Evey,Graedel,126
310,Eadie,Gerald,193
311,Ruben,Kinsman,153
312,Floyd,Corben,175
313,Alonso,3rd,99
314,Georg,Mallard,221
315,Arthur,Rieder,129
316,Marja,Quincy,150
317,Willard,Westport,240
318,Goober,Huxley,161
319,Bethany,Calypso,157
320,Hinda,Golden Leaf,133
321,Leann,Northfield,156
322,Thatch,Lotheville,106
323,Maggee,Sloan,140
324,Sherlocke,Mandrake,126
325,Caleb,Northwestern,92
326,Johanna,Oak,213
327,Rycca,Corscot,131
328,Kin,Waubesa,205
329,Donnamarie,Reindahl,198
330,Byram,Maywood,166
331,Zerk,Grover,215
332,Von,Russell,141
333,Marcille,Dawn,226
334,Karina,Pierstorff,90
335,Christophorus,Holmberg,181
336,Jozef,Green,139
337,Odelle,Linden,212
338,Lucky,Darwin,143
339,Irvin,Waubesa,192
340,Gabriellia,Superior,103
341,Robin,Marcy,195
342,Odette,Bunting,196
343,Melita,Dunning,213
344,Verene,Lotheville,90
345,Marti,Bluestem,222
346,Tailor,Fuller,133
347,Cyrill,Charing Cross,153
348,Sabina,Donald,236
349,Mariejeanne,Main,113
350,Nevins,Hoffman,229
351,Sid,Valley Edge,187
352,Nannie,Gerald,150
353,Irene,Eliot,113
354,Honoria,Northwestern,120
355,Alfie,Fallview,88
356,Lovell,Stuart,120
357,Onfroi,Troy,189
358,Mari,Oriole,230
359,Danielle,Oakridge,164
360,Ruddy,Upham,158
361,Lazarus,Dapin,210
362,Egor,Heath,125
363,Loreen,Mccormick,127
364,Ealasaid,Corscot,101
365,Jeremiah,Truax,104
366,Clarey,Pankratz,163
367,Flemming,Village,175
368,Son,Hermina,88
369,Christi,Waywood,150
370,Ezekiel,Weeping Birch,138
371,Talya,Birchwood,107
372,Sigvard,Jenifer,82
373,Spike,Ridgeway,104
374,Valli,Tomscot,214
375,Aymer,Homewood,193
376,Washington,Ridgeview,207
377,Buckie,Hollow Ridge,206
378,Verna,Green Ridge,172
379,Roscoe,Veith,119
380,Cherilyn,Mcbride,153
381,Bastien,Fieldstone,157
382,Herminia,Welch,92
383,Dory,Anhalt,213
384,Kathryn,Forest,96
385,Peyton,Reindahl,229
386,Maddy,Sloan,227
387,Dugald,Kings,148
388,Osbourne,Messerschmidt,209
389,Debbie,Hintze,180
390,Lorette,Upham,146
391,Selene,Truax,216
392,Vanessa,Pleasure,85
393,Joby,Mallard,154
394,Stanislas,Anzinger,159
395,Gabriella,Carioca,221
396,Boy,Hanover,136
397,Kally,Paget,226
398,Ramsey,Melody,225
399,Alvera,Schiller,165
400,Brandise,Graedel,182
401,Roby,Troy,200
402,Brnaby,Arkansas,209
403,Isidore,Spaight,156
404,Elisha,American,146
405,Consolata,Talisman,153
406,Tessy,Monica,126
407,Aleksandr,Tony,145
408,Gilly,Lillian,149
409,Elsinore,Cody,162
410,Jeana,Hermina,159
411,Johnette,East,120
412,Germana,Judy,195
413,Juditha,Eastlawn,230
414,Ladonna,Bunting,174
415,Hewett,American Ash,187
416,Anne,Barnett,154
417,Jacynth,Ryan,240
418,Wilden,Montana,94
419,Sephira,Meadow Valley,221
420,Hamnet,Scofield,230
421,Roxana,Loftsgordon,189
422,Lona,Eliot,104
423,Spencer,Monument,238
424,Darsey,Kropf,156
425,Nelia,Sloan,94
426,Alfy,Canary,200
427,Kirsti,Valley Edge,224
428,Cinderella,Tomscot,132
429,Damita,Elgar,195
430,Garrard,Schlimgen,120
431,Janeta,Ludington,125
432,Cordey,Kinsman,106
433,Sal,Maywood,197
434,Jamesy,Melrose,87
435,Mordecai,Loftsgordon,162
436,Alexandre,International,82
437,Keefe,Esker,101
438,Kev,Autumn Leaf,194
439,Shelley,Menomonie,186
440,Mair,Nova,240
441,Marnia,Crescent Oaks,143
442,Caron,Basil,142
443,Wilmer,Main,110
444,De,Blaine,140
445,Dorrie,Ohio,136
446,Lela,Calypso,137
447,Amelina,Marquette,177
448,Iris,Banding,88
449,Eugene,5th,163
450,Nanice,Eastlawn,99
451,Minerva,Lyons,115
452,Delia,Hanover,119
453,Shane,Esker,158
454,Kurtis,Coleman,85
455,Emma,Northport,219
456,Rem,Riverside,83
457,Ira,Lerdahl,231
458,Thekla,Ridgeway,166
459,Mitch,Sutteridge,112
460,Emelen,Sommers,145
461,Mildrid,Nancy,87
462,Duky,Forest Dale,133
463,Tiebout,Mariners Cove,185
464,Cornall,Mallard,148
465,Kelwin,Southridge,181
466,Regan,Mallard,138
467,Susana,Manley,108
468,Viva,Melody,154
469,Tait,Melby,127
470,Matty,Old Shore,226
471,Trixie,Katie,119
472,Sydel,Hagan,97
473,Hollie,Rutledge,109
474,Mart,Dahle,171
475,Jeno,Goodland,238
476,Vail,Sugar,141
477,Lurline,Meadow Ridge,176
478,Valerye,Waxwing,188
479,Gerrie,Vernon,97
480,Hort,Corscot,219
481,Keane,Paget,108
482,Nataline,Bultman,186
483,Hugo,Ruskin,193
484,Charyl,Prairie Rose,136
485,Moina,Manitowish,151
486,Georgia,Lotheville,169
487,Janella,Crest Line,196
488,Marchall,Banding,162
489,Devonna,Anderson,86
490,Catharine,South,152
491,Birk,Morning,154
492,Minda,Hoard,232
493,Holli,Rusk,200
494,Caroline,Crest Line,100
495,Glenna,Amoth,116
496,Iggie,Westridge,232
497,Noll,Roxbury,180
498,Judas,Coolidge,137
499,Harriott,Hauk,97
500,Jemima,Dorton,159
501,Leah,Rieder,214
502,Giulio,Eliot,213
503,Dalt,Stang,85
504,Hatty,Novick,191
505,Heindrick,Darwin,103
506,Sonnnie,Vidon,181
507,Mikel,Sachs,229
508,Milka,La Follette,187
509,Justinn,Novick,84
510,Marlie,Sage,190
511,Ardys,Muir,84
512,Waldemar,Chinook,109
513,Ignacio,Parkside,121
514,Almeda,Cherokee,165
515,Ulrica,Gale,208
516,Merna,Marquette,239
517,Wren,Summer Ridge,148
518,Louise,Lyons,174
519,Dee,Gina,238
520,Sallie,Kingsford,120
521,Devin,Walton,141
522,Sheba,Londonderry,232
523,Lizbeth,Bunting,152
524,Jillayne,Kensington,167
525,Gael,East,145
526,Alli,Pepper Wood,142
527,Rhona,Montana,198
528,Alex,Melody,136
529,Kaylil,Aberg,180
530,Anselm,Pine View,164
531,Ronald,Butterfield,211
532,Phyllys,Stephen,147
533,Livy,Hovde,211
534,Kliment,Jay,210
535,Steffane,Eagle Crest,219
536,Dodi,Talisman,138
537,Brnaba,Miller,150
538,Burty,Killdeer,194
539,Harrie,Lindbergh,121
540,Marion,Browning,239
541,Austina,Chive,233
542,Minta,Mifflin,160
543,Prudy,Cascade,193
544,Casey,Declaration,219
545,Henri,Blaine,202
546,Liane,Valley Edge,154
547,Saunders,Burning Wood,211
548,Gayla,Forest Run,197
549,Sandro,Chive,209
550,Annadiana,Jay,119
551,Gabriel,Stephen,235
552,Bastian,Victoria,219
553,Morse,Buhler,220
554,Doy,Straubel,80
555,Katya,Continental,195
556,Korie,Hayes,134
557,Fiann,Talisman,105
558,Dionysus,Mayer,94
559,Pattie,Hayes,152
560,Stephana,Carey,239
561,Randell,Lillian,220
562,Vernice,Steensland,163
563,Barbra,Maywood,104
564,Wilbert,Barby,116
565,Farrel,Hanover,180
566,Cindee,Clove,158
567,Janis,Ohio,98
568,Kimmy,Bunting,193
569,Tobe,Charing Cross,212
570,Melba,Magdeline,170
571,Julianna,Gateway,149
572,Aile,Ludington,195
573,Larina,Eastwood,210
574,Dani,Hooker,180
575,Willie,Buell,240
576,Gerrard,Luster,174
577,Cybil,Old Shore,183
578,Brit,Sauthoff,167
579,Gearard,Burning Wood,86
580,Gratia,Sachs,95
581,Christine,Arapahoe,106
582,Moses,Anniversary,184
583,Kylynn,Derek,235
584,Mame,Walton,212
585,Doll,Meadow Vale,221
586,Alard,Blaine,190
587,Gregorius,Haas,221
588,Timotheus,Pleasure,100
589,Moyra,Toban,164
590,Bartholomeus,Onsgard,105
591,Leonidas,Hanover,192
592,Maible,Debs,192
593,Trudie,Pennsylvania,140
594,Darell,Lawn,197
595,Samuel,Leroy,222
596,Barn,Farmco,153
597,Waldemar,Fallview,96
598,Tabbitha,Calypso,99
599,Henrieta,Calypso,230
600,Fulton,Hollow Ridge,201
601,Suellen,Onsgard,155
602,Shayne,Fair Oaks,237
603,Arin,Nobel,225
604,Kit,Hoard,133
605,Basilio,Everett,190
606,Alvin,Pierstorff,159
607,Andria,American Ash,99
608,Mufinella,Lawn,201
609,Newton,Jenna,140
610,Lynea,Golf View,110
611,Burr,Mifflin,139
612,Hayyim,1st,190
613,Cristionna,Evergreen,210
614,Mayer,Starling,127
615,La verne,Schiller,169
616,Terrijo,Di Loreto,91
617,Alyssa,Stuart,184
618,Joli,Garrison,158
619,Merola,Corry,204
620,Rand,Bartelt,85
621,Arturo,Talmadge,230
622,Denny,La Follette,198
623,Catriona,Mallard,237
624,Alvis,Karstens,120
625,Raynard,Park Meadow,167
626,Doralyn,Delaware,212
627,Joanie,Meadow Ridge,199
628,Alyosha,Sunnyside,132
629,Greggory,Novick,160
630,Hasheem,Bartillon,111
631,Ulrick,Birchwood,189
632,Britteny,Banding,178
633,Ryley,Lake View,236
634,Augustus,Chinook,81
635,Saxon,Harbort,140
636,Bev,Butternut,192
637,Sterling,Stephen,129
638,Web,Springview,140
639,Ronda,Sutherland,87
640,Dennison,Muir,85
641,Noell,Clove,160
642,Aube,Haas,218
643,Cordell,Elka,182
644,Cherrita,Straubel,139
645,Alphonso,Utah,183
646,Kermy,Warbler,224
647,Pooh,Blackbird,186
648,Loree,Messerschmidt,145
649,Norman,Cody,125
650,Dave,Badeau,82
651,Caren,Dayton,92
652,Baxy,Kings,213
653,Marina,Fisk,223
654,Xylia,Mendota,122
655,Taylor,Pearson,164
656,Anselma,Fordem,110
657,Michaeline,Warner,128
658,Petey,Londonderry,113
659,Seana,Fordem,171
660,Grayce,Sutherland,102
661,Devland,Pleasure,202
662,Jillene,Pond,172
663,Krissie,Bobwhite,81
664,Ashbey,Clyde Gallagher,112
665,Phyllida,Sunnyside,222
666,Gertie,Grasskamp,101
667,Vitoria,Declaration,192
668,Alie,Nelson,86
669,Rosamond,Village Green,109
670,Lazarus,Northport,122
671,Felicio,Monica,192
672,Luelle,Moulton,240
673,Ardelle,Killdeer,179
674,Jourdan,Southridge,239
675,Hersch,Hagan,219
676,Olivero,Hoffman,205
677,Wanda,Eliot,122
678,Rolland,5th,217
679,Rick,Mayer,121
680,Aksel,Farwell,129
681,Bonny,Nelson,113
682,Myrah,Roth,95
683,Dun,Lakewood,149
684,Haily,Londonderry,198
685,Margalo,Anderson,104
686,Gianna,Ramsey,123
687,Veronika,Oakridge,171
688,Romeo,Badeau,238
689,Celina,Hagan,199
690,Kylila,Manley,134
691,Jeno,Russell,113
692,Cam,Carey,152
693,Ethan,Marcy,160
694,Rana,Corscot,156
695,Megan,Merrick,144
696,Kaitlyn,Bluejay,101
697,Cloris,Crescent Oaks,239
698,Claribel,Transport,122
699,Luigi,Pierstorff,223
700,Beck,Northport,178
701,Camellia,Dayton,101
702,Kristen,Canary,112
703,Idalia,Almo,95
704,Rowe,Mallory,206
705,Con,Weeping Birch,211
706,Teddi,Saint Paul,84
707,Rafaela,Scoville,150
708,Lionello,Rockefeller,220
709,Patricia,Walton,234
710,Hallsy,Melvin,222
711,Elias,Arizona,83
712,Estella,Birchwood,93
713,Charmian,Debra,136
714,Morganne,Graceland,161
715,Rosaleen,Heffernan,100
716,Graig,Ruskin,82
717,Tim,Westridge,85
718,Charlton,Loomis,213
719,Hugibert,Meadow Valley,159
720,Prent,Karstens,146
721,Iseabal,Stone Corner,143
722,Mariette,Village Green,122
723,Genia,Wayridge,168
724,Junia,Wayridge,216
725,Joelle,Glacier Hill,88
726,Jaclin,Elmside,174
727,Angil,Prairie Rose,130
728,Lurline,Bayside,92
729,Adan,Autumn Leaf,114
730,Stafford,Debra,117
731,Felice,Badeau,235
732,Vikky,Blaine,104
733,Boyce,Clarendon,183
734,Adelice,Transport,156
735,Jewel,Dexter,165
736,Mal,Mendota,163
737,Leroy,Old Gate,91
738,Arte,Calypso,210
739,Sheppard,Mariners Cove,199
740,Antonella,Crest Line,154
741,Mannie,Northview,227
742,Alec,Anhalt,187
743,Celka,Butternut,225
744,Horacio,Ludington,125
745,Dorella,Sunnyside,208
746,Carolynn,Jackson,118
747,Lon,Mesta,229
748,Lilyan,Village Green,93
749,Boothe,Grover,108
750,Gonzalo,Mesta,197
751,Anstice,Amoth,176
752,Cassandre,Loeprich,139
753,Janos,Sage,101
754,Gray,International,80
755,Lazaro,Oneill,197
756,Lonnie,Ridge Oak,140
757,Daniele,Crest Line,227
758,Gilberta,Express,80
759,Chrystel,1st,149
760,Hector,Hallows,214
761,Myra,Daystar,236
762,Victoria,Rockefeller,175
763,Mario,Oak Valley,149
764,Gilbertina,Esker,161
765,Doralynn,Havey,224
766,Harv,Farmco,171
767,Othella,7th,169
768,Aldous,Holy Cross,202
769,Jessie,Corben,204
770,Van,Moland,96
771,Stormie,Esch,228
772,Coreen,Gateway,199
773,Marinna,Namekagon,135
774,Jennie,Stone Corner,145
775,Candi,Burrows,187
776,Connie,Nova,189
777,Luisa,Longview,203
778,Olly,Butterfield,156
779,Marchall,Heffernan,116
780,Kaela,Truax,201
781,Elaine,Forest Dale,230
782,Kore,Maryland,96
783,Buiron,Sage,110
784,Leo,Tennessee,146
785,Danny,Vahlen,176
786,Carolee,Garrison,238
787,Freedman,Moland,120
788,Nichols,Redwing,194
789,Annabella,Manitowish,219
790,Fawne,International,132
791,Marice,Sutteridge,238
792,Worthington,Dunning,229
793,Milo,Novick,80
794,Elwood,Sherman,87
795,Tades,Morrow,198
796,Marthena,Homewood,235
797,Claudio,Chive,162
798,Emogene,Shelley,195
799,Hakeem,David,139
800,Amye,Village,150
801,Amie,Elgar,158
802,Meade,Shasta,201
803,Kipper,Almo,149
804,Ilene,Dixon,192
805,Pace,Ludington,133
806,Denise,Heath,141
807,Gloriane,Springview,200
808,Cele,Hintze,134
809,Claiborn,Hanover,217
810,Trueman,Donald,198
811,Aleta,Crowley,132
812,Tonye,Dovetail,118
813,Fielding,Esch,159
814,Karlene,Gerald,99
815,Arlin,Lakewood Gardens,145
816,Inglis,Maywood,225
817,Casandra,Acker,90
818,Arlyne,Lerdahl,133
819,Martainn,Norway Maple,222
820,Hannah,Namekagon,201
821,Hartwell,Dayton,230
822,Edgardo,Gulseth,117
823,Nissy,Commercial,153
824,Shae,Green,82
825,Town,Homewood,118
826,Noelyn,American,203
827,Meridith,Kings,239
828,Audre,Golf Course,196
829,Gale,Oneill,143
830,Wilburt,Schurz,157
831,Hailey,Porter,116
832,Gasper,Scott,201
833,Ferne,Dennis,173
834,Carie,Loomis,110
835,Devora,Hudson,221
836,Friederike,Dixon,108
837,Dean,Vera,107
838,Wilhelmina,Maywood,236
839,Wat,Hazelcrest,105
840,Harvey,Burning Wood,219
841,Abbye,Truax,131
842,Eddi,Jay,219
843,Ilaire,1st,138
844,Myriam,Old Shore,104
845,Dareen,Briar Crest,115
846,Geoffrey,Oneill,91
847,Adolf,Lyons,185
848,Forrester,Arrowood,138
849,Kassandra,Erie,174
850,Haley,Kedzie,91
851,Alexandros,Quincy,90
852,Nell,Towne,183
853,Oswell,Shasta,141
854,Giuseppe,Sommers,213
855,Gabbey,Butterfield,164
856,Robbyn,Crowley,124
857,Tobit,Pond,116
858,Valli,Village,106
859,Fredrika,Harbort,226
860,Elisabetta,Fremont,224
861,Henderson,Ridge Oak,154
862,Celesta,Petterle,226
863,Becka,Paget,129
864,Dayna,Stone Corner,217
865,Alwyn,Burning Wood,210
866,Frannie,Esker,226
867,Kristyn,Merchant,215
868,Adriena,Farmco,135
869,Solomon,Mendota,116
870,Martin,Golden Leaf,97
871,Alano,Algoma,198
872,Michal,Arkansas,122
873,Padraic,Farwell,135
874,Hilario,Surrey,200
875,Paton,Mifflin,159
876,Fara,Crescent Oaks,118
877,Erroll,North,89
878,Brigitta,Orin,134
879,Currie,Brown,219
880,Christabella,Mandrake,100
881,Franklin,Gateway,238
882,Dolly,Little Fleur,200
883,Jaime,Claremont,213
884,Ephrayim,Rusk,207
885,Sidonia,Arizona,225
886,Randi,Eliot,98
887,Meredithe,Manitowish,238
888,Grace,Dennis,122
889,De witt,Melby,155
890,Emmalynne,Pearson,226
891,Hanna,Sunfield,87
892,Hallie,Sunbrook,95
893,Claire,Dayton,173
894,Graehme,Manley,86
895,Lorraine,Harper,164
896,Jessey,Cordelia,128
897,Cookie,Farwell,187
898,Weider,Valley Edge,184
899,Diane,Homewood,138
900,King,Westport,85
901,Kassey,American,152
902,Zeb,Stephen,172
903,Raimondo,Lakeland,180
904,Reinhard,Longview,198
905,Shirline,Prairieview,188
906,Nonna,Pennsylvania,225
907,Isiahi,Westridge,91
908,Rosabella,Sloan,116
909,Hobey,Shasta,134
910,Zorina,Artisan,130
911,Norrie,Burrows,218
912,Annette,Declaration,211
913,Gusty,Sunnyside,120
914,Anjela,Meadow Vale,135
915,Meir,Eggendart,91
916,Kahaleel,Caliangt,201
917,Rosabel,Crest Line,111
918,Shelden,Moland,159
919,Calvin,Texas,197
920,Jayne,Kingsford,129
921,Melloney,Coolidge,227
922,Susi,Dexter,239
923,Dyana,Dwight,210
924,Fernanda,Little Fleur,192
925,Bond,2nd,152
926,Amitie,Sage,233
927,Quintana,Delladonna,130
928,Keslie,Hanson,121
929,Sula,Orin,219
930,Shandie,Memorial,197
931,Hamnet,Everett,231
932,Alva,Main,133
933,Sigfried,Grasskamp,163
934,Marga,Sauthoff,112
935,Temple,Miller,234
936,Caressa,Morning,132
937,Elspeth,Miller,139
938,Pia,Drewry,128
939,Leanna,Huxley,133
940,Nobe,Mosinee,102
941,Carlynn,Pankratz,94
942,Moselle,Service,178
943,Kore,Kinsman,214
944,Lowell,Blackbird,194
945,Cammy,Troy,149
946,Dallas,Rusk,103
947,Rutherford,Tennessee,161
948,Hadleigh,Stang,167
949,Sher,Center,103
950,Dan,Waywood,88
951,Sydel,Hauk,110
952,Christine,Eggendart,109
953,Celinka,Dayton,238
954,Melly,Novick,229
955,Gunner,Burning Wood,135
956,Clari,Melrose,145
957,Gilda,Longview,117
958,Keir,Northview,132
959,Pavla,Coolidge,101
960,Camey,Johnson,213
961,Gasper,Hagan,176
962,Nataline,Donald,229
963,Skip,Eliot,233
964,Dodi,Grover,139
965,Marv,Fuller,214
966,Jessy,Waubesa,128
967,Alejoa,Armistice,89
968,Allx,Sachs,93
969,Brnaba,Oneill,107
970,Adelice,Roth,84
971,Bette-ann,Swallow,231
972,Gus,Dakota,125
973,Garrick,Fulton,177
974,Mabelle,Sloan,87
975,Von,Kingsford,105
976,Luella,Reindahl,166
977,Skippy,Atwood,209
978,Darby,Derek,101
979,Lisette,Sunbrook,124
980,Barton,Butterfield,158
981,Claybourne,Amoth,119
982,Cory,Waywood,148
983,Jana,Warner,202
984,Bernetta,Parkside,186
985,Sella,Duke,230
986,Mac,6th,193
987,Joan,Red Cloud,185
988,Flin,Eastlawn,86
989,Deeanne,Steensland,212
990,Augustin,International,183
991,Axel,Little Fleur,228
992,Forbes,Armistice,132
993,Claudelle,Truax,138
994,Cory,Karstens,215
995,Alvinia,Oneill,130
996,Anya,Johnson,167
997,Renee,Pine View,178
998,Jackqueline,Corry,82
999,Danella,Donald,124
1000,Whitby,Moland,191
